<?xml version="1.0" encoding="UTF-8"?>
<feature
      id="com.aptana.feature.rcp"
      label="%featureName"
      version="3.4.0.201212231418"
      provider-name="%providerName"
      plugin="com.aptana.branding">

   <description>
      %description
   </description>

   <copyright url="%copyrightURL">
      %copyright
   </copyright>

   <license url="%licenseURL">
      %license
   </license>

   <url>
      <update label="%updateSiteName" url="http://download.aptana.com/studio3-rcp/plugin/update/"/>
   </url>

   <includes
         id="org.eclipse.help"
         version="1.3.0.v20110530-0844-7i7uFFmFFl8nvqbDpEqTvx"
         search-location="both"/>

   <includes
         id="org.eclipse.equinox.p2.user.ui"
         version="2.1.2.R37x_v20110815-1155-6-Bk8pYWZz0qUTX5I15GZWwbXkrl"
         search-location="both"/>

   <includes
         id="com.aptana.feature.studio"
         version="3.4.0.201212231418"
         search-location="both"/>

   <includes
         id="org.eclipse.platform"
         version="3.7.2.v20120207-1839-9gF7UHPDFxGjd-PqDr2jX_4yKaumkoHTz04_q-q"/>

   <requires>
      <import plugin="org.eclipse.ui"/>
      <import plugin="org.eclipse.core.runtime"/>
      <import plugin="org.eclipse.core.resources"/>
      <import plugin="org.eclipse.ui.ide"/>
      <import plugin="org.eclipse.ui.browser"/>
      <import plugin="org.eclipse.equinox.p2.ui.sdk.scheduler"/>
      <import plugin="com.ibm.icu"/>
      <import plugin="org.eclipse.core.net"/>
      <import plugin="com.aptana.commandline.launcher"/>
      <import plugin="org.eclipse.osgi"/>
      <import plugin="org.apache.lucene"/>
      <import plugin="org.apache.lucene.analysis"/>
      <import plugin="org.eclipse.help"/>
      <import plugin="org.eclipse.core.expressions"/>
      <import plugin="org.eclipse.equinox.http.jetty"/>
      <import plugin="org.eclipse.equinox.common"/>
      <import plugin="org.eclipse.equinox.registry"/>
      <import plugin="org.eclipse.core.jobs"/>
      <import plugin="org.eclipse.osgi.services"/>
      <import plugin="org.apache.commons.logging"/>
      <import plugin="org.eclipse.ecf.provider.filetransfer"/>
   </requires>

   <plugin
         id="com.aptana.rcp"
         download-size="0"
         install-size="0"
         version="3.4.0.201212231418"
         unpack="false"/>

   <plugin
         id="org.eclipse.equinox.simpleconfigurator"
         download-size="0"
         install-size="0"
         version="1.0.200.v20110815-1438"
         unpack="false"/>

   <plugin
         id="org.eclipse.help.base"
         download-size="0"
         install-size="0"
         version="3.6.2.v201202080800"
         unpack="false"/>

   <plugin
         id="org.apache.lucene.analysis"
         download-size="0"
         install-size="0"
         version="2.9.1.v201101211721"
         unpack="false"/>

   <plugin
         id="org.apache.lucene"
         download-size="0"
         install-size="0"
         version="2.9.1.v201101211721"
         unpack="false"/>

   <plugin
         id="org.eclipse.ecf"
         download-size="0"
         install-size="0"
         version="3.1.300.v20110531-2218"
         unpack="false"/>

   <plugin
         id="org.eclipse.ecf.filetransfer"
         download-size="0"
         install-size="0"
         version="5.0.0.v20110531-2218"
         unpack="false"/>

   <plugin
         id="org.eclipse.ecf.identity"
         download-size="0"
         install-size="0"
         version="3.1.100.v20110531-2218"
         unpack="false"/>

   <plugin
         id="org.apache.commons.codec"
         download-size="0"
         install-size="0"
         version="1.3.0.v201101211617"
         unpack="false"/>

   <plugin
         id="org.apache.commons.httpclient"
         download-size="0"
         install-size="0"
         version="3.1.0.v201012070820"
         unpack="false"/>

   <plugin
         id="org.eclipse.ecf.provider.filetransfer"
         download-size="0"
         install-size="0"
         version="3.2.0.v20110531-2218"
         unpack="false"/>

   <plugin
         id="org.eclipse.ecf.provider.filetransfer.httpclient"
         download-size="0"
         install-size="0"
         version="4.0.0.v20110531-2218"
         unpack="false"/>

   <plugin
         id="org.eclipse.ecf.provider.filetransfer.httpclient.ssl"
         download-size="0"
         install-size="0"
         version="1.0.0.v20110531-2218"
         fragment="true"
         unpack="false"/>

   <plugin
         id="org.eclipse.ecf.provider.filetransfer.ssl"
         download-size="0"
         install-size="0"
         version="1.0.0.v20110531-2218"
         fragment="true"
         unpack="false"/>

   <plugin
         id="org.eclipse.ecf.ssl"
         download-size="0"
         install-size="0"
         version="1.0.100.v20110531-2218"
         fragment="true"
         unpack="false"/>

   <plugin
         id="org.eclipse.equinox.concurrent"
         download-size="0"
         install-size="0"
         version="1.0.200.v20110502"
         unpack="false"/>

   <plugin
         id="com.aptana.rcp.studio"
         os="aix,hpux,linux,macosx,qnx,solaris"
         download-size="0"
         install-size="0"
         version="3.0.0.201212231418"
         fragment="true"
         unpack="false"/>

   <plugin
         id="com.aptana.branding"
         download-size="0"
         install-size="0"
         version="3.4.0.201212231418"/>

   <plugin
         id="com.aptana.browser"
         download-size="0"
         install-size="0"
         version="3.0.0.201212231418"
         unpack="false"/>

   <plugin
         id="com.aptana.build.ui"
         download-size="0"
         install-size="0"
         version="3.0.0.201212231418"
         unpack="false"/>

   <plugin
         id="com.aptana.buildpath.core"
         download-size="0"
         install-size="0"
         version="3.1.0.201212231418"
         unpack="false"/>

   <plugin
         id="com.aptana.commandline.launcher"
         download-size="0"
         install-size="0"
         version="3.0.3.201212231418"
         unpack="false"/>

   <plugin
         id="com.aptana.configurations"
         download-size="0"
         install-size="0"
         version="3.0.3.201212231418"
         unpack="false"/>

   <plugin
         id="com.aptana.console"
         download-size="0"
         install-size="0"
         version="3.0.0.201212231418"
         unpack="false"/>

   <plugin
         id="com.aptana.core"
         download-size="0"
         install-size="0"
         version="3.3.0.201212231418"
         unpack="false"/>

   <plugin
         id="com.aptana.core.epl"
         download-size="0"
         install-size="0"
         version="3.0.0.201212231418"
         unpack="false"/>

   <plugin
         id="com.aptana.core.io"
         download-size="0"
         install-size="0"
         version="3.0.3.201212231418"
         unpack="false"/>

   <plugin
         id="com.aptana.debug.core"
         download-size="0"
         install-size="0"
         version="3.0.3.201212231418"
         unpack="false"/>

   <plugin
         id="com.aptana.debug.ui"
         download-size="0"
         install-size="0"
         version="3.0.3.201212231418"
         unpack="false"/>

   <plugin
         id="com.aptana.deploy"
         download-size="0"
         install-size="0"
         version="3.0.3.201212231418"
         unpack="false"/>

   <plugin
         id="com.aptana.deploy.capistrano"
         download-size="0"
         install-size="0"
         version="3.0.3.201212231418"
         unpack="false"/>

   <plugin
         id="com.aptana.deploy.engineyard"
         download-size="0"
         install-size="0"
         version="3.0.3.201212231418"
         unpack="false"/>

   <plugin
         id="com.aptana.deploy.epl"
         download-size="0"
         install-size="0"
         version="3.0.0.201212231418"
         unpack="false"/>

   <plugin
         id="com.aptana.deploy.heroku"
         download-size="0"
         install-size="0"
         version="3.0.3.201212231418"
         unpack="false"/>

   <plugin
         id="com.aptana.deploy.ui"
         download-size="0"
         install-size="0"
         version="1.0.0.201212231418"
         unpack="false"/>

   <plugin
         id="com.aptana.documentation"
         download-size="0"
         install-size="0"
         version="3.0.0.201212231418"
         unpack="false"/>

   <plugin
         id="com.aptana.eclipse.fullscreen.ui"
         download-size="0"
         install-size="0"
         version="1.0.4.201212231418"
         unpack="false"/>

   <plugin
         id="com.aptana.editor.beaver"
         download-size="0"
         install-size="0"
         version="3.0.0.201212231418"
         unpack="false"/>

   <plugin
         id="com.aptana.editor.coffee"
         download-size="0"
         install-size="0"
         version="3.0.0.201212231418"
         unpack="false"/>

   <plugin
         id="com.aptana.editor.common"
         download-size="0"
         install-size="0"
         version="3.0.3.201212231418"
         unpack="false"/>

   <plugin
         id="com.aptana.editor.common.override"
         download-size="0"
         install-size="0"
         version="1.0.0.201212231418"
         fragment="true"
         unpack="false"/>

   <plugin
         id="com.aptana.editor.css"
         download-size="0"
         install-size="0"
         version="3.0.3.201212231418"
         unpack="false"/>

   <plugin
         id="com.aptana.editor.css.formatter"
         download-size="0"
         install-size="0"
         version="3.0.0.201212231418"
         unpack="false"/>

   <plugin
         id="com.aptana.editor.diff"
         download-size="0"
         install-size="0"
         version="3.0.0.201212231418"
         unpack="false"/>

   <plugin
         id="com.aptana.editor.dtd"
         download-size="0"
         install-size="0"
         version="3.0.0.201212231418"
         unpack="false"/>

   <plugin
         id="com.aptana.editor.epl"
         download-size="0"
         install-size="0"
         version="3.0.0.201212231418"
         unpack="false"/>

   <plugin
         id="com.aptana.editor.findbar"
         download-size="0"
         install-size="0"
         version="3.0.0.201212231418"
         unpack="false"/>

   <plugin
         id="com.aptana.editor.findbar.override"
         download-size="0"
         install-size="0"
         version="1.0.0.201212231418"
         fragment="true"
         unpack="false"/>

   <plugin
         id="com.aptana.editor.html"
         download-size="0"
         install-size="0"
         version="3.0.3.201212231418"
         unpack="false"/>

   <plugin
         id="com.aptana.editor.html.formatter"
         download-size="0"
         install-size="0"
         version="3.0.3.201212231418"
         unpack="false"/>

   <plugin
         id="com.aptana.editor.idl"
         download-size="0"
         install-size="0"
         version="3.0.0.201212231418"
         unpack="false"/>

   <plugin
         id="com.aptana.editor.js"
         download-size="0"
         install-size="0"
         version="3.0.3.201212231418"
         unpack="false"/>

   <plugin
         id="com.aptana.editor.js.formatter"
         download-size="0"
         install-size="0"
         version="3.0.3.201212231418"
         unpack="false"/>

   <plugin
         id="com.aptana.editor.json"
         download-size="0"
         install-size="0"
         version="3.0.0.201212231418"
         unpack="false"/>

   <plugin
         id="com.aptana.editor.markdown"
         download-size="0"
         install-size="0"
         version="3.0.0.201212231418"
         unpack="false"/>

   <plugin
         id="com.aptana.editor.svg"
         download-size="0"
         install-size="0"
         version="3.0.3.201212231418"
         unpack="false"/>

   <plugin
         id="com.aptana.editor.text"
         download-size="0"
         install-size="0"
         version="3.0.0.201212231418"
         unpack="false"/>

   <plugin
         id="com.aptana.editor.xml"
         download-size="0"
         install-size="0"
         version="3.0.0.201212231418"
         unpack="false"/>

   <plugin
         id="com.aptana.editor.xml.formatter"
         download-size="0"
         install-size="0"
         version="3.0.0.201212231418"
         unpack="false"/>

   <plugin
         id="com.aptana.editor.yaml"
         download-size="0"
         install-size="0"
         version="3.0.0.201212231418"
         unpack="false"/>

   <plugin
         id="com.aptana.explorer"
         download-size="0"
         install-size="0"
         version="3.0.0.201212231418"
         unpack="false"/>

   <plugin
         id="com.aptana.filesystem.http"
         download-size="0"
         install-size="0"
         version="3.0.0.201212231418"
         unpack="false"/>

   <plugin
         id="com.aptana.filesystem.s3"
         download-size="0"
         install-size="0"
         version="3.0.0.201212231418"
         unpack="false"/>

   <plugin
         id="com.aptana.filewatcher"
         download-size="0"
         install-size="0"
         version="3.0.1.201212231418"
         unpack="false"/>

   <plugin
         id="com.aptana.formatter.epl"
         download-size="0"
         install-size="0"
         version="3.2.0.201212231418"
         unpack="false"/>

   <plugin
         id="com.aptana.formatter.ui.epl"
         download-size="0"
         install-size="0"
         version="3.0.0.201212231418"
         unpack="false"/>

   <plugin
         id="com.aptana.git.core"
         download-size="0"
         install-size="0"
         version="3.0.0.201212231418"/>

   <plugin
         id="com.aptana.git.ui"
         download-size="0"
         install-size="0"
         version="3.0.3.201212231418"
         unpack="false"/>

   <plugin
         id="com.aptana.ide.libraries.subscription"
         download-size="0"
         install-size="0"
         version="2.0.3.201212231418"/>

   <plugin
         id="com.aptana.ide.security.linux"
         download-size="0"
         install-size="0"
         version="2.0.0.201212231418"
         unpack="false"/>

   <plugin
         id="com.aptana.index.core"
         download-size="0"
         install-size="0"
         version="3.0.0.201212231418"
         unpack="false"/>

   <plugin
         id="com.aptana.index.core.ui"
         download-size="0"
         install-size="0"
         version="3.0.0.201212231418"
         unpack="false"/>

   <plugin
         id="com.aptana.jetty.util.epl"
         download-size="0"
         install-size="0"
         version="3.0.0.201212231418"
         unpack="false"/>

   <plugin
         id="com.aptana.jira.core"
         download-size="0"
         install-size="0"
         version="1.0.0.201212231418"
         unpack="false"/>

   <plugin
         id="com.aptana.jira.ui"
         download-size="0"
         install-size="0"
         version="1.0.0.201212231418"
         unpack="false"/>

   <plugin
         id="com.aptana.js.core"
         download-size="0"
         install-size="0"
         version="3.0.0.201212231418"
         unpack="false"/>

   <plugin
         id="com.aptana.js.debug.core"
         download-size="0"
         install-size="0"
         version="3.0.3.201212231418"
         unpack="false"/>

   <plugin
         id="com.aptana.js.debug.core.ie"
         download-size="0"
         install-size="0"
         version="3.0.0.201212231418"
         fragment="true"/>

   <plugin
         id="com.aptana.js.debug.core.v8"
         download-size="0"
         install-size="0"
         version="3.0.0.201212231418"
         unpack="false"/>

   <plugin
         id="com.aptana.js.debug.ui"
         download-size="0"
         install-size="0"
         version="3.0.0.201212231418"
         unpack="false"/>

   <plugin
         id="com.aptana.js.debug.v8.ui"
         download-size="0"
         install-size="0"
         version="3.0.0.201212231418"
         unpack="false"/>

   <plugin
         id="com.aptana.libraries"
         download-size="0"
         install-size="0"
         version="3.0.0.201212231418"/>

   <plugin
         id="com.aptana.org.eclipse.tm.terminal"
         download-size="0"
         install-size="0"
         version="3.1.0.201212231418"
         unpack="false"/>

   <plugin
         id="com.aptana.parsing"
         download-size="0"
         install-size="0"
         version="3.0.0.201212231418"/>

   <plugin
         id="com.aptana.portablegit.win32"
         download-size="0"
         install-size="0"
         version="3.0.0.201212231418"/>

   <plugin
         id="com.aptana.portal.ui"
         download-size="0"
         install-size="0"
         version="3.0.0.201212231418"
         unpack="false"/>

   <plugin
         id="com.aptana.portal.ui.eclipse36"
         download-size="0"
         install-size="0"
         version="3.0.0.201212231418"
         unpack="false"/>

   <plugin
         id="com.aptana.preview"
         download-size="0"
         install-size="0"
         version="3.0.0.201212231418"
         unpack="false"/>

   <plugin
         id="com.aptana.projects"
         download-size="0"
         install-size="0"
         version="3.0.0.201212231418"
         unpack="false"/>

   <plugin
         id="com.aptana.samples"
         download-size="0"
         install-size="0"
         version="3.0.0.201212231418"
         unpack="false"/>

   <plugin
         id="com.aptana.samples.ui"
         download-size="0"
         install-size="0"
         version="3.0.0.201212231418"
         unpack="false"/>

   <plugin
         id="com.aptana.scripting"
         download-size="0"
         install-size="0"
         version="3.0.0.201212231418"
         unpack="false"/>

   <plugin
         id="com.aptana.scripting.ui"
         download-size="0"
         install-size="0"
         version="3.0.0.201212231418"
         unpack="false"/>

   <plugin
         id="com.aptana.scripting.ui.override"
         download-size="0"
         install-size="0"
         version="1.0.0.201212231418"
         fragment="true"
         unpack="false"/>

   <plugin
         id="com.aptana.swt.webkitbrowser"
         download-size="0"
         install-size="0"
         version="0.1.0.201212231418"
         unpack="false"/>

   <plugin
         id="com.aptana.syncing.core"
         download-size="0"
         install-size="0"
         version="3.0.0.201212231418"
         unpack="false"/>

   <plugin
         id="com.aptana.syncing.ui"
         download-size="0"
         install-size="0"
         version="3.0.3.201212231418"
         unpack="false"/>

   <plugin
         id="com.aptana.terminal"
         download-size="0"
         install-size="0"
         version="3.0.0.201212231418"/>

   <plugin
         id="com.aptana.theme"
         download-size="0"
         install-size="0"
         version="3.0.0.201212231418"
         unpack="false"/>

   <plugin
         id="com.aptana.ui"
         download-size="0"
         install-size="0"
         version="3.1.4.201212231418"
         unpack="false"/>

   <plugin
         id="com.aptana.ui.epl"
         download-size="0"
         install-size="0"
         version="3.0.0.201212231418"
         unpack="false"/>

   <plugin
         id="com.aptana.ui.io"
         download-size="0"
         install-size="0"
         version="3.0.0.201212231418"
         unpack="false"/>

   <plugin
         id="com.aptana.ui.io.epl"
         download-size="0"
         install-size="0"
         version="3.0.0.201212231418"
         unpack="false"/>

   <plugin
         id="com.aptana.ui.override"
         download-size="0"
         install-size="0"
         version="1.0.0.201212231418"
         fragment="true"
         unpack="false"/>

   <plugin
         id="com.aptana.ui.s3"
         download-size="0"
         install-size="0"
         version="3.0.0.201212231418"
         unpack="false"/>

   <plugin
         id="com.aptana.usage"
         download-size="0"
         install-size="0"
         version="3.0.0.201212231418"
         unpack="false"/>

   <plugin
         id="com.aptana.webserver.core"
         download-size="0"
         install-size="0"
         version="3.0.0.201212231418"
         unpack="false"/>

   <plugin
         id="com.aptana.webserver.ui"
         download-size="0"
         install-size="0"
         version="3.0.0.201212231418"
         unpack="false"/>

   <plugin
         id="com.aptana.workbench"
         download-size="0"
         install-size="0"
         version="3.0.0.201212231418"
         unpack="false"/>

</feature>
