<?xml version="1.0" encoding="UTF-8"?>
<feature
      id="com.aptana.feature.studio"
      label="%featureName"
      version="3.4.0.201212231418"
      provider-name="%providerName"
      plugin="com.aptana.branding">

   <description url="http://www.aptana.com">
      %description
   </description>

   <copyright url="%copyrightURL">
      %copyright
   </copyright>

   <license url="%licenseURL">
      %license
   </license>

   <url>
      <update label="%updateSiteName" url="http://download.aptana.com/studio3/plugin/update/"/>
   </url>

   <includes
         id="com.aptana.feature"
         version="3.4.0.201212231418"/>

   <plugin
         id="com.aptana.ui.override"
         download-size="0"
         install-size="0"
         version="1.0.0.201212231418"
         fragment="true"
         unpack="false"/>

   <plugin
         id="com.aptana.scripting.ui.override"
         download-size="0"
         install-size="0"
         version="1.0.0.201212231418"
         fragment="true"
         unpack="false"/>

   <plugin
         id="com.aptana.editor.findbar.override"
         download-size="0"
         install-size="0"
         version="1.0.0.201212231418"
         fragment="true"
         unpack="false"/>

   <plugin
         id="com.aptana.editor.common.override"
         download-size="0"
         install-size="0"
         version="1.0.0.201212231418"
         fragment="true"
         unpack="false"/>

</feature>
